category,sell_through_rate
Casual,0.16838972309449043
GenZ,0.1679777706461275
Streetwear,0.15975432301740813
Outdoor,0.13508421377672208
