traffic_source,avg_bounce_rate,sessions,unique_visitors
email_campaign,0.0044584356435643565,12792670,9700462
social_media,0.00447628164556962,15816226,12048065
paid_search,0.004477767857142857,19598271,14922386
referral,0.0044988,9476845,7220019
organic_search,0.004504238532110092,27196976,20625107
direct,0.004510639097744361,6571549,4986650
