category,total_revenue,active_days,stockout_days,avg_revenue_per_active_day,estimated_lost_revenue
Streetwear,12558477099.17,3833,36993,3276409.3658152884,121204211669.60497
Outdoor,2353396796.86,3832,23552,614143.2142118998,14464300981.118664
Casual,440285193.75,3716,4012,118483.63663885898,475356350.1951022
GenZ,328710175.65,3779,5368,86983.3754035459,466926759.1662344
