target,model,MAE,RMSE,R2
Revenue,xgboost,551477.7634520548,756691.3291236995,0.7956261882668113
COGS,xgboost,479392.7514589042,652305.9701080957,0.7999909203814041
