target,model,validation_mode,MAE,RMSE,R2
Revenue,xgboost,teacher_forcing_one_step,551477.7634520548,756691.3291236995,0.7956261882668113
COGS,xgboost,teacher_forcing_one_step,479392.7514589042,652305.9701080957,0.7999909203814041
Revenue,xgboost,recursive_walk_forward,630097.7983972604,863343.3984960145,0.7339551385269538
COGS,xgboost,recursive_walk_forward,556872.7177876713,740159.8504807885,0.7424876563743579
