model,MAE,RMSE,R2
xgboost,563079.8581301369,781608.612500297,0.7819448227782064
ridge,609092.9714653207,810857.8427965314,0.7653194089269417
linear_regression,632168.6680983792,831720.3224159537,0.7530879094540651
random_forest,593005.6597959115,846196.9712712627,0.7444177652556362
