Model,MAE,RMSE,R2,Folds
XGBoost,735242.330319788,1051396.4951821086,0.7548928625062304,5
LightGBM,739215.9231885128,1052063.520256983,0.7544274070433541,5
Ridge,793608.4263205526,1100910.2458098144,0.7249088948393736,5
