category,avg_rating,review_count
Streetwear,3.9393978055626437,62704
Outdoor,3.9338907064097905,41265
Casual,3.9232189973614777,3790
GenZ,3.922824585635359,5792
