segment,line_revenue,refund_amount,net_revenue
Everyday,5147454916.61,169752795.02,4977702121.589999
Balanced,4900317965.89,153347776.4,4746970189.490001
Performance,2285029332.18,76399356.88,2208629975.2999997
Activewear,1930704974.66,65183202.88,1865521771.78
Premium,454211900.54,14762841.67,439449058.87
All-weather,408765115.41,12798564.7,395966550.71000004
Trendy,328710175.65,11145648.17,317564527.47999996
Standard,225674884.49,7208320.83,218466563.66
