traffic_source,avg_bounce_rate,sessions,unique_visitors,order_source,order_count,revenue,session_to_order_rate
email_campaign,0.0044584356435643565,12792670,9700462,email_campaign,77572,1882479280.82,0.006063784964358496
social_media,0.00447628164556962,15816226,12048065,social_media,129710,3141153470.29,0.008201071481907251
paid_search,0.004477767857142857,19598271,14922386,paid_search,141652,3441964418.44,0.007227780450632609
referral,0.0044988,9476845,7220019,referral,64565,1565897314.0,0.006812921388922157
organic_search,0.004504238532110092,27196976,20625107,organic_search,181495,4385324881.54,0.006673352213863777
direct,0.004510639097744361,6571549,4986650,direct,51951,1264049900.34,0.007905442080702738
