"model","MAE","RMSE","R2"
"linear_time_features",1016413.16964699,1416690.2308076,0.283629772333769
"naive",1280665.20142466,1681784.91389032,-0.00955186374194228
"seasonal_naive_7",1282557.49221918,1685513.48190418,-0.0140332399392156
"moving_average_7",1355788.10190998,1891458.07554838,-0.276971395682416
"seasonal_naive_30",1703491.44821918,2305572.63334783,-0.897340805693278
"moving_average_30",1696784.19569315,2306819.65724561,-0.899393804722132
