Model,MAE,RMSE,R2,ScoredRows
Naive,669592.4520860496,1020220.7029270863,0.6264010729672869,767
Moving Average (7),872061.6192605699,1306299.5922474465,0.38750444913497284,767
Linear Regression,1341432.362349013,1703663.4666613322,-0.041801496105068114,767
Seasonal Naive,1219871.940143416,1788121.535890273,-0.14765518565305324,767
