"residual_mean","residual_median","residual_sd","min_residual","max_residual","mean_abs_error"
183388.687090223,172062.485362951,1406698.67867593,-4073273.42869685,7619768.23315229,1016413.16964699
