installments,avg_payment_value
6,24446.65440296606
3,24399.63548611777
12,24245.77269408417
2,708.4737294332724
