segment,total_revenue,total_cogs,gross_margin_pct
Trendy,328710175.65,277873798.15126747,0.154654103415592
Activewear,1930704974.66,1684365425.4730852,0.1275904669123752
Standard,225674884.49,196972029.58033034,0.12718674909055525
Everyday,5147454916.61,4615280157.290509,0.10338599714632742
Balanced,4900317965.89,4469081905.229431,0.08800164880367058
Performance,2285029332.18,2111335495.5234504,0.07601383238736778
All-weather,408765115.41,380916033.4761569,0.06812979112933823
Premium,454211900.54,427625674.4036328,0.058532649859591016
