traffic_source,avg_bounce_rate
email_campaign,0.0044584356435643565
social_media,0.00447628164556962
paid_search,0.004477767857142857
referral,0.0044988
organic_search,0.004504238532110092
direct,0.004510639097744361
