age_group,avg_order_count_per_customer
55+,7.268731268731269
45-54,7.2202640609550395
35-44,7.206158531427121
25-34,7.112230430564884
18-24,7.068576871180253
