size,ordered_orders,returned_orders,return_rate
S,171326,9676,0.05647712548007892
L,172563,9712,0.05628089451388768
M,175792,9780,0.055633931009374714
XL,192216,10604,0.055167103675032254
